filename	word_count
1053	302709
1054	189997
1055	179249
1056	183203
1057	185558
1058	146452
1059	256537
1060	159217
1061	245642
1062	107734
1063	384316
1064	167319
1065	97086
1066	318352
1067	169454
1068	319554
1069	343657
1070	354567
1071	194155
1072	289447
1073	185356
1074	188707
1075	181235
1076	253331
1077	258691
1078	126577
1079	163770
1080	459897
1081	216915
1082	311881
1083	380067
1084	156427
1085	350667
1086	145304
1087	223808
1088	339289
1089	242414
1090	181976
1091	262833
1092	249240
1093	168328
1094	309946
1095	346394
1096	165222
1097	346486
1098	434550
1099	376128
1100	393854
1101	418560
1102	373728
1103	420770
1104	402830
1105	295839
1106	128098
1107	355481
1108	408714
1109	228012
1110	314896
1111	511545
1112	315988
1113	578640
1114	449070
1115	216951
1116	308956
1117	337226
1118	434880
1119	856998
1120	374138
1121	385456
1122	377012
1123	193227
1124	342707
1125	233866
1126	306238
1127	482618
1128	405594
1129	360683
1130	270320
1131	504586
1132	338220
1133	398325
1134	270392
1135	557882
1136	474545
1137	217718
1138	463537
1139	551353
1140	403230
1141	339131
1142	284377
1143	227188
1144	505232
1145	301164
1146	259025
1147	361390
1148	276711
1149	250786
1150	279947
1151	268462
1152	321944
1153	369460
1154	225267
1155	280226
1156	284871
1157	359209
1158	382145
1159	333147
1160	234552
1161	272836
1162	209125
1163	166325
1164	238561
1165	355199
1166	238009
1167	179942
1168	228058
1169	171382
1170	254366
1172	104153
1173	120095
1174	106697
1175	282234
1176	214106
1177	167111
1178	171933
1180	102037
1181	104166
1182	169749
1183	195028
1184	137613
1185	191049
1186	300933
1187	154256
1188	312281
1189	173556
1190	200640
1191	150283
1192	144205
1193	248617
1194	143174
1195	175329
1196	181363
1197	157374
1198	185648
1199	231852
1200	177126
1201	152586
1202	173601
1203	234811
1204	166052
1205	221938
1206	243482
1207	146729
1208	255374
1209	245570
1210	236540
1211	284593
1212	182535
1213	250425
1214	221514
1215	278140
1216	208581
1217	192385
1218	212523
1219	151908
1220	384029
1221	330676
1222	207028
1223	190252
1224	228531
1225	237928
1226	219959
1227	190636
1228	202924
1229	378841
1230	183229
1231	370387
1232	453605
1233	443287
1234	266723
1235	307230
1236	423860
1237	171104
1238	292892
1239	404830
1240	518573
1241	297117
1242	346545
1243	657553
1244	316448
1245	490525
1246	472656
1247	53541
1248	413570
1249	70491
1250	89219
1251	624120
1252	374737
1253	329604
1254	428154
1255	383812
1256	345023
1257	402468
1258	358998
1259	437573
1260	325004
1261	385244
1262	193767
1263	339850
1264	654230
1265	361149
1266	487173
1267	442452
1268	518985
1269	392789
1270	417891
1271	435523
1272	253791
1273	342546
1274	366723
1275	267632
1276	293524
1277	329707
1278	268595
1279	575972
1280	233119
1281	477844
1282	254670
1283	301321
1284	304801
1285	309899
1286	154742
1287	310924
1288	465371
1289	28809
1290	317737
1291	334925
1292	265462
1293	595503
1294	397207
1296	213110
1297	642637
1298	329033
1299	308257
1300	466258
1301	532351
1302	424886
1303	72755
1304	344370
1305	546397
1306	258287
1307	459286
1308	448227
1309	538566
1310	122955
1311	299334
1312	209884
1313	481133
1314	149825
1315	375136
1316	343461
1317	429940
1318	458180
1319	280461
1320	441372
1321	452685
1322	223923
1323	368594
1324	340618
1325	415544
1326	389168
1327	223560
1328	446519
1329	566900
1330	373768
1331	194237
1332	111015
1333	415865
1334	521119
1335	448911
1336	278142
1337	106535
1338	301038
1339	417412
1340	529868
1341	280216
1342	307897
1343	380943
1344	528729
1345	557191
1346	382608
1347	329566
1348	268010
1349	537942
1350	579423
1351	484568
1352	340252
1353	229405
1354	181197
1355	349422
1356	474436
1357	461009
1358	329163
1359	548961
1360	578629
1361	333618
1362	200807
1363	168199
1364	346954
1365	303391
1366	637464
1367	227948
1368	452396
1369	470971
1370	649243
1371	281305
1372	239318
1373	546267
1374	450763
1375	521955
1376	306082
1377	433448
1378	468742
1379	448078
1380	343430
1381	353381
1382	325521
1383	518161
1384	431582
1385	356811
1386	288265
1387	343668
1388	253785
1389	343305
1390	270308
1391	450683
1392	316909
1393	158053
1394	346371
1395	253500
1396	413900
1397	192629
1398	391279
1399	278898
1400	409617
1401	252188
1402	213444
1403	378966
1404	294069
1405	392858
1406	364272
1407	329531
1408	405747
1409	278755
1410	384964
1411	311670
1412	276601
1413	194421
1414	387559
1415	315116
1416	311544
1417	345971
1418	333260
1419	305188
1420	273779
1421	373871
1422	320220
1423	350131
1424	469484
1425	275964
1426	545914
1427	186770
1428	443667
1429	452231
1430	478489
1431	408223
1432	452728
1433	261107
1434	280288
1435	369688
1436	403337
1437	367839
1438	509957
1439	501596
1440	248510
1441	204046
1442	154129
1443	190171
1444	277094
1445	369834
1446	226576
1447	300309
1448	214490
1449	240710
1450	279746
1451	283013
1452	408549
1453	451421
1454	496101
1455	406738
1456	204366
1458	546768
1459	399060
1460	276963
1461	281158
1462	226716
1463	355355
1464	316025
1465	254059
1466	214955
1467	268768
1468	244524
1469	306265
1470	185045
1471	221165
1472	413764
1473	424220
1474	468808
1475	220902
1476	339485
1477	347335
1478	322966
1479	338974
1480	202945
1481	323496
1482	313032
1483	341308
1484	153408
1485	269038
1486	341398
1487	302035
1488	138854
1489	291970
1490	178961
1491	255729
1492	269333
1493	178918
1494	322725
1495	196855
1496	470426
1497	332182
1498	363160
1499	403805
1500	302184
1501	317287
1502	269432
1503	206555
1504	234137
1505	264262
1506	415209
1507	374029
1508	256097
1509	269720
1510	217218
1511	226489
1512	161516
1513	493948
1514	391584
1515	212664
1516	360188
1517	222489
1518	281816
1519	376296
1520	328584
1521	289163
1522	183577
1523	317374
1524	308294
1525	265607
1526	336736
1527	470254
1528	350486
1529	225100
1530	395779
1531	221968
1532	328264
1533	230562
1534	205225
1535	371876
1536	327921
1537	335701
1538	277269
1539	232905
1540	183170
1541	315495
1542	397947
1543	208250
1544	482590
1545	260204
1546	333908
1547	206619
1548	233339
1549	272793
1550	239735
1551	343483
1552	100968
1553	143566
1554	280788
1555	153217
1556	364585
1557	436626
1558	273677
1559	359958
1560	203256
1561	127076
1562	264786
1563	407554
1564	199111
1565	470608
1566	274580
1567	228444
1568	237092
1569	392904
1570	300557
1571	251710
1572	169432
1573	391616
1574	365067
1575	172960
1576	312188
1577	187737
1578	188550
1579	328116
1580	367989
1581	380520
1582	275598
1583	206180
1584	177669
1585	130722
1586	143915
1587	227687
1588	184602
1589	250429
1590	251994
1591	250012
1592	189721
1593	517067
1594	74102
1595	363418
1596	378737
1597	364636
1598	224072
1599	182513
1600	228191
1601	106818
1602	174233
1603	380681
1605	192893
1606	66729
1607	219664
1608	372751
1609	299272
1610	416155
1611	459541
1612	219663
1613	214913
1614	328809
1616	325110
1617	258183
1618	318246
1619	208420
1620	225972
1621	137712
1622	235527
1623	291900
1624	331712
1625	376739
1626	253930
1627	209369
1628	208120
1629	208366
1630	502268
1631	144636
1632	160013
1633	131868
1634	262228
1635	415419
1636	316043
1637	330034
1638	426335
1639	360297
1640	224201
1641	247515
1642	386885
1643	223652
1644	167502
1645	166689
1646	287292
1647	347312
1648	387619
1649	572111
1650	160745
1651	315538
1652	234551
1653	204971
1654	200825
1655	203188
1656	267453
1657	233954
1658	243035
1659	210613
1660	156496
1661	193873
1662	345593
1663	373494
1664	450223
1665	294037
1666	223422
1667	262105
1668	234152
1669	135883
1670	279797
1671	251174
1672	183879
1673	172643
1674	75440
1675	316863
1676	257465
1677	242341
1678	424119
1679	376019
1680	147019
1681	176716
1682	237780
1683	246681
1685	150298
1686	209921
1687	161705
1688	167710
1689	75826
1690	319026
1691	252216
1692	301647
1693	277100
1694	298154
1695	335005
1696	300294
1697	152827
1698	201086
1699	163214
1700	68370
1701	148840
1702	240378
1704	37150
1705	149708
1706	186467
1707	239078
1708	105109
1709	204983
1710	290574
1711	320239
1712	238637
1714	224197
1715	296158
1716	155099
1717	207169
1718	233789
1719	227617
1720	133416
1721	178660
1722	133961
1723	155503
1724	153511
1725	131038
1726	123452
1727	264907
1728	155687
1729	183937
1730	293167
1731	340426
1732	215345
1733	285998
1734	198598
1735	211640
1736	77386
1737	211822
1738	219037
1739	266662
1740	90991
1741	205224
1742	240270
1743	232314
1744	209858
1745	308281
1746	256502
1747	214464
1748	241437
1749	214251
1750	200787
1751	153253
1752	144119
1753	232453
1754	178484
1755	145387
1756	215876
1757	291525
1758	228149
1759	194416
1760	278412
1761	268999
1762	313851
1763	291184
1764	299463
1765	173128
1766	135320
1767	243822
1768	325461
1769	169457
1770	110348
1771	172553
1772	119282
1773	223059
1774	227668
1775	350654
1776	271322
1777	206974
1778	288847
1779	217457
1780	256696
1781	237366
1782	262243
1783	147336
1784	145331
1785	274440
1786	158751
1787	150443
1788	145598
1789	132483
1790	235259
1791	192635
1792	149609
1793	131774
1794	319921
1795	260332
1796	205940
1797	324084
1798	374390
1799	165663
1800	168054
1801	168767
1802	280557
1803	213075
1804	193345
1805	161806
1806	148587
1807	208131
1808	216581
1809	224069
1810	293818
1811	266229
1812	253240
1813	179135
1814	144863
1815	233036
1816	163300
1817	156821
1818	350563
1819	159700
1820	171715
1821	208075
1822	169993
1823	149835
1824	103617
1825	201583
1826	266117
1827	260322
1828	447853
1829	306950
1830	124626
1831	157420
1832	197235
1833	131051
1834	264507
1835	120745
1836	179960
1837	218900
1838	147557
1839	114380
1840	187083
1841	268321
1842	428449
1843	478091
1844	171487
1845	167617
1846	173489
1847	168307
1848	231211
1849	151394
1850	173144
1851	238317
1852	197874
1853	211009
1854	281892
1855	363363
1856	331645
1857	254689
1858	70764
1859	140352
1860	254550
1861	207169
1862	190476
1863	128931
1864	161037
1865	164403
1866	226903
1867	209758
1868	273743
1869	320505
1870	238648
1871	232349
1872	153654
1873	209893
1874	209485
1875	194425
1876	202114
1877	74799
1878	147677
1879	103830
1880	170842
1881	217953
1882	226935
1883	244523
1884	292549
1885	303311
1886	320630
1888	211283
1889	163452
1890	250236
1891	138218
1892	186859
1893	160699
1894	265719
1895	219172
1896	455270
1897	256657
1898	287802
1899	116336
1900	211310
1901	125789
1902	184811
1903	94785
1904	261658
1905	221002
1906	153861
1907	149386
1908	150165
1909	108067
1910	246320
1911	208340
1912	366375
1913	335739
1914	344846
1915	140839
1916	244686
1917	154277
1918	227292
1919	163165
1920	106355
1921	129084
1922	112164
1923	363148
1924	178445
1925	111288
1926	288647
1927	438485
1928	337183
1929	639095
1930	147693
1931	53068
1932	139410
1933	239669
1934	97426
1935	175649
1936	90141
1937	189555
1938	56893
1939	185145
1940	78033
1941	153089
1942	117385
1943	170917
1944	219614
1945	244269
1946	355615
1947	358476
1948	407458
1949	189685
1950	123861
1951	191985
1952	152118
1953	354845
1954	54451
1955	187927
1956	160679
1957	112296
1958	115176
1959	148480
1960	434768
1961	348259
1962	338552
1963	383074
1964	265911
1965	332395
1966	153658
1967	121813
1968	153886
1969	172717
1970	165712
1971	277954
1972	197584
1973	45929
1974	143302
1975	235030
1976	165493
1977	98853
1978	143597
1979	332118
1980	266400
1981	379797
1982	563373
1983	327088
1984	387453
1985	173184
1986	113164
1987	285318
1988	169189
1989	213205
1990	43129
1991	168785
1992	224589
1993	145629
1995	282570
1996	247498
1997	410703
1998	397835
1999	376357
2000	377736
2001	247155
2002	136841
2003	193700
2004	155010
2005	139576
2006	232858
2007	81932
2008	198671
2009	209357
2010	122069
2011	158031
2012	321510
2013	271187
2014	353540
2015	396363
2016	405963
2017	211043
2018	168809
2019	120499
2020	262981
2021	100779
2022	181926
2023	250777
2024	48891
2025	148612
2026	146587
2027	178961
2028	212585
2029	347195
2030	363187
2031	541165
2032	333071
2033	299082
2034	259550
2035	253224
2036	249751
2037	125413
2038	182779
2039	164242
2040	213071
2041	132869
2042	246148
2043	43033
2044	59859
2045	118625
2046	121774
2047	97503
2048	136052
2049	190562
2050	359130
2051	219971
2052	229165
2053	381309
2054	315673
2055	305320
2056	288581
2057	109703
2058	152195
2059	172929
2060	217555
2061	194057
2062	275768
2063	171255
2064	351060
2065	54324
2066	95819
2067	252639
2068	127691
2069	96674
2070	227220
2071	194380
2072	404441
2073	216214
2074	204479
2075	223229
2076	458040
2077	242410
2078	248183
2079	148367
2080	252443
2081	154134
2082	168873
2083	123167
2084	213381
2085	209575
2086	115940
2087	133773
2088	265065
2089	160507
2090	123403
2091	271921
2092	17140
2093	197175
2094	155871
2095	185976
2096	129379
2097	185814
2098	204185
2099	405041
2100	327749
2101	283069
2102	314277
2103	433154
2104	222807
2105	173285
2106	175794
2107	278978
2108	103368
2109	89489
2110	101191
2111	136578
2112	201451
2113	156366
2114	199844
2115	216245
2116	199151
2117	133971
2118	89198
2119	157284
2120	154885
2121	141379
2122	293501
2123	39687
2124	176223
2125	146327
2126	114386
2127	83773
2128	224795
2129	157716
2130	174670
2131	201399
2132	285081
2133	216020
2134	274939
2135	187466
2136	271240
2137	256946
2138	247310
2139	302998
2140	116355
2141	79243
2142	208099
2143	205248
2144	325675
2145	191439
2146	109398
2147	301511
2148	126738
2149	245162
2150	73144
2151	254604
2152	189305
2153	182451
2154	157814
2155	51760
2156	54255
2157	168005
2158	175172
2159	260214
2160	182687
2161	187136
2162	346307
2163	225716
2164	303890
2165	311086
2166	239942
2167	370606
2168	295856
2169	306377
2170	175201
2171	135540
2172	212374
2173	142569
2174	131340
2175	220475
2176	129213
2177	92555
2178	263546
2179	151770
2180	135791
2181	146541
2182	53520
2183	52166
2184	142560
2185	221087
2186	209577
2187	114181
2188	267279
2189	178455
2190	378387
2191	438870
2192	329099
2193	343233
2194	342107
2195	222609
2196	450994
2197	434617
2198	259959
2199	394495
2200	436854
2201	309236
2202	326465
2203	324518
2204	233844
2205	74526
2206	89561
2207	209751
2208	256736
2209	202180
2210	103635
2211	113889
2212	149624
2213	299861
2214	161130
2215	113359
2216	114678
2217	143120
2218	98478
2219	30056
2220	84834
2221	98607
2222	130486
2223	127324
2224	203058
2225	160842
2226	108791
2227	159927
2228	257594
2229	121794
2231	163450
2232	146653
2233	97255
2234	115266
2235	244380
2236	276975
2237	476212
2238	287862
2239	282431
2240	344284
2241	337644
2242	345726
2243	337573
2244	439121
2245	485657
2246	270780
2247	336737
2248	367127
2249	374555
2250	338799
2251	268764
2252	144987
2253	206147
2254	252262
2255	238461
2256	146831
2257	223419
2258	145825
2259	140631
2260	324794
2261	171704
2262	251331
2263	79274
2264	169112
2265	122319
2266	212445
2267	80169
2268	108644
2269	330266
2270	22413
2271	125082
2272	288220
2273	234539
2274	209163
2275	91672
2276	137169
2277	41517
2278	107337
2279	226189
2280	160941
2281	74500
2282	137472
2283	258320
2284	337637
2285	290203
2286	293758
2287	242632
2288	439697
2289	422682
2290	297401
2291	140584
2292	240917
2293	296061
2294	266845
2295	263396
2296	118739
2297	234335
2298	139144
2299	217174
2300	201119
2301	138654
2302	246071
2303	258252
2304	109725
2305	135983
2306	187977
2307	148900
2308	146720
2309	181409
2310	307513
2311	148383
2312	400766
2313	375509
2314	294933
2315	385618
2316	389688
2317	374743
2318	347886
2319	408613
2320	358505
2321	278362
2322	244149
2323	335626
2324	325506
2325	100248
2326	245984
2327	115145
2328	115493
2329	162371
2330	162017
2331	102718
2332	123825
2333	269420
2334	68950
2335	106257
2336	180742
2337	158163
2338	191282
2339	97893
2340	170898
2341	116042
2342	135337
2343	270464
2344	360670
2345	254433
2346	280711
2347	466680
2348	375520
2349	172975
2350	345098
2351	407554
2354	307182
2355	167563
2356	123932
2357	334696
2358	300773
2359	96185
2360	152207
2361	204092
2362	128967
2363	138365
2364	69337
2365	159309
2366	203899
2367	118477
2368	103715
2369	28901
2370	104675
2371	201279
2372	153761
2373	114903
2374	156463
2375	121495
2376	108061
2377	141971
2378	161122
2379	280192
2380	255271
2381	386241
2382	150136
2383	416288
2384	306067
2385	344256
2386	292735
2387	368311
2388	465011
2389	352912
2390	261314
2391	302082
2392	120351
2393	189544
2394	114138
2395	73601
2396	210643
2397	147984
2398	250475
2399	90740
2400	174179
2401	289384
2402	158088
2403	98900
2404	77531
2405	202550
2406	145907
2407	150827
2408	377894
2409	421516
2410	318636
2411	470151
2412	630528
2413	718512
2414	416240
2415	306352
2416	503780
2417	308437
2418	319185
2419	131752
2420	167835
2421	253741
2422	110165
2423	127487
2424	273934
2425	93395
2426	183247
2427	199170
2428	201546
2429	222042
2430	183135
2431	135706
2432	73935
2433	231032
2434	230261
2435	45002
2436	371514
2437	362970
2438	320064
2439	312132
2440	358461
2441	193655
2442	348349
2443	499081
2444	496979
2445	376030
2446	289028
2447	331993
2448	574736
2449	307863
2450	163479
2451	268370
2452	66670
2453	185530
2454	179225
2455	205448
2456	239025
2457	221950
2458	105642
2459	99049
2460	108982
2461	65694
2462	243479
2463	150584
2464	372161
2465	325012
2466	382458
2467	260058
2468	314701
2469	427038
2470	346461
2471	297525
2472	344203
2473	274137
2474	300987
2475	234702
2476	315145
2477	245420
2478	272787
2479	53635
2480	228576
2481	163306
2482	157446
2483	268633
2484	105416
2485	187539
2486	208942
2487	98273
2488	71266
2489	143683
2490	85159
2491	327135
2492	193754
2493	192207
2494	77357
2495	150457
2496	138916
2497	273242
2498	46484
2499	418255
2500	310802
2501	286128
2502	283479
2503	253157
2504	465659
2505	367306
2506	404823
2507	346082
2508	293710
2509	364398
2510	354899
2511	333363
2512	292316
2513	157493
2514	291430
2515	153957
2516	79884
2517	213330
2518	176040
2519	97018
2520	159439
2521	178681
2522	104168
2523	132568
2524	122154
2525	91804
2526	115321
2527	179369
2528	163551
2529	23426
2530	239647
2531	243287
2532	325897
2533	314785
2534	259702
2535	248341
2536	283225
2537	493664
2538	437124
2539	354999
2540	510576
2541	323434
2542	370631
2543	366085
2544	315621
2545	383036
2546	387502
2547	83546
2548	319828
2549	292702
2550	189961
2551	185586
2552	108885
2553	180849
2554	240269
2555	126666
2556	291776
2557	96005
2558	328133
2559	121782
2560	204221
2561	239273
2562	118959
2563	210160
2564	77707
2565	203037
2566	279392
2567	411904
2568	180816
2569	271296
2570	163779
2571	264398
2572	294736
2573	144417
2574	227366
2575	123627
2576	305203
2577	212332
2578	237294
2579	201782
2580	248698
2581	273887
2582	448089
2583	207024
2584	222827
2585	288917
2586	246691
2587	211771
2588	168873
2589	123189
2590	215066
2591	130559
2592	133666
2593	153986
2594	191764
2595	126542
2596	189340
2597	309194
2598	108686
2599	131291
2600	161716
2601	114134
2602	247222
2603	135674
2604	186507
2605	224952
2606	230887
2607	158820
2608	352271
2609	231003
2610	464207
2611	233894
2612	196024
2613	152879
2614	132625
2615	225177
2616	109700
2617	97353
2618	208192
2619	159213
2620	228059
2621	125511
2622	210352
2623	71632
2624	234634
2625	141029
2626	162143
2627	165268
2628	320241
2629	328979
2630	249248
2631	177063
2632	166064
2633	181029
2634	131839
2635	153146
2636	120394
2637	264950
2638	229655
2639	284440
2640	130196
2641	67722
2642	75443
2643	154531
2644	363839
2645	162752
2646	110479
2647	234430
2648	195002
2649	295902
2650	246155
2651	307811
2652	212444
2653	211805
2654	235780
2655	152776
2656	287364
2657	163790
2658	264036
2659	214298
2660	178784
2661	78418
2662	85753
2663	349793
2664	157746
2665	92406
2666	139730
2667	132103
2668	145812
2669	101792
2670	192695
2671	154084
2672	140369
2673	351092
2674	147500
2675	206155
2676	253100
2677	176730
2678	176097
2679	175066
2680	257108
2681	126191
2682	197678
2683	55161
2684	115188
2685	140672
2686	194304
2687	189087
2688	150827
2689	85126
2690	68121
2691	371914
2692	119849
2693	136794
2694	77130
2695	194759
2696	168574
2697	160272
2698	178216
2699	148215
2700	237552
2701	286751
2702	180354
2703	155439
2704	154197
2705	140435
2706	149956
2707	70048
2708	150478
2709	201509
2710	256207
2711	67098
2712	450762
2713	201689
2714	81744
2715	325221
2716	188112
2717	239368
2718	198277
2719	289454
2720	182774
2721	180413
2722	245914
2723	193133
2724	174043
2725	114793
2726	59920
2727	36383
2728	88033
2729	194158
2730	147348
2731	90796
2732	52639
2733	64603
2734	388085
2735	155256
2736	119292
2737	160107
2738	118164
2739	216922
2740	221897
2741	128877
2742	163864
2743	284329
2744	173490
2745	343182
2746	124486
2747	284590
2748	317629
2749	130959
2750	87700
2751	138890
2752	217802
2753	179017
2754	87295
2755	73746
2756	406052
2757	164390
2758	55288
2759	222439
2760	359626
2761	136525
2762	212324
2763	269979
2764	286717
2765	223059
2766	227017
2767	145835
2768	114362
2769	88675
2771	91057
2772	201412
2773	282270
2774	116839
2775	129958
2776	180294
2777	222100
2778	168365
2779	211860
2780	147561
2781	255517
2782	235228
2783	265366
2784	205258
2785	189978
2786	310237
2787	204151
2788	131107
2789	95622
2790	48190
2791	127788
2792	89684
2793	151708
2794	27200
2795	215187
2796	286597
2797	345823
2798	203701
2799	122461
2800	189836
2801	171220
2802	105261
2803	188469
2804	96615
2805	93298
2806	244179
2807	172846
2808	142375
2809	114293
2810	190326
2811	52628
2812	83656
2813	206206
2814	203973
2815	218427
2816	154169
2817	143941
2818	130884
2819	167357
2820	191759
2821	163706
2822	222967
2823	186509
2824	159071
2825	59176
2826	231552
2827	102999
2828	302001
2829	156797
2830	71532
2831	199646
2832	79497
2833	121987
2834	244666
2835	205180
2836	260385
2837	120381
2838	115684
2839	184833
2840	190364
2841	170461
2842	243457
2843	151035
2844	90004
2845	185325
2846	101546
2847	249765
2848	128203
2849	147836
2850	192589
2851	135523
2852	200212
2853	73003
2854	186379
2855	97521
2856	76503
2857	204642
2858	186720
2859	150467
2860	107263
2861	242834
2862	268817
2863	262136
2864	145535
2865	117940
2866	151064
2867	111664
2868	146676
2869	157471
2870	230011
2871	96116
2872	220307
2873	287474
2874	31171
2875	53525
2876	175302
2877	195627
2878	81270
2879	132909
2880	79919
2881	156733
2882	186734
2883	129940
2884	110934
2885	142036
2886	97001
2887	114179
2888	115530
2889	121639
2890	120824
2891	108587
2892	141907
2893	111411
2894	113128
2895	184693
2896	270073
2897	47850
2898	143426
2899	134306
2900	97728
2901	80283
2902	122519
2903	265353
2904	214555
2905	136720
2906	134678
2907	133054
2908	112957
2909	130424
2910	90126
2912	135123
2913	87111
2914	160582
2915	62749
2916	42936
2917	81229
2918	169163
2919	307572
2920	161863
2921	86955
2922	184746
2923	223622
2924	100218
2925	93850
2926	217082
2927	246520
2928	79682
2929	134929
2930	27575
2931	288602
2932	222375
2933	177372
2934	89394
2935	204870
2936	97099
2937	154911
2938	62144
2939	39979
2940	153160
2941	168464
2942	145379
2943	134986
2944	138880
2945	189095
2946	34668
2947	143002
2948	76797
2949	165112
2950	207752
2951	63279
2952	152654
2953	174930
2954	161079
2955	111571
2956	112264
2957	157826
2958	105689
2959	269325
2960	87755
2961	152289
2962	216076
2963	167361
2964	198466
2965	196961
2966	154739
2967	316878
2968	172029
2969	52656
2970	170956
2971	136042
2972	102472
2973	134842
2974	101752
2975	188003
2976	105255
2977	133173
2978	346884
2979	79127
2980	147581
2981	140575
2982	140838
2983	149286
2984	149995
2985	259864
2986	191657
2987	222159
2988	244715
2989	188631
2990	178799
2991	219447
2992	212808
2993	262488
2994	116303
2995	290155
2996	111849
2997	134039
2998	168362
2999	150039
3000	98165
3001	86025
3002	160092
3003	72173
3004	186860
3005	340182
3006	156984
3007	236408
3008	271178
3009	150780
3010	248704
3011	175980
3012	243854
3013	264059
3014	210011
3015	70863
3016	287123
3017	132485
3018	246924
3019	115078
3020	209520
3021	200987
3022	182096
3023	177592
3024	126543
3025	251346
3026	283970
3027	123732
3028	138930
3029	108282
3030	147594
3031	137910
3032	71780
3033	148149
3034	143060
3035	112336
3036	143141
3037	243641
3038	101147
3039	104883
3040	86961
3041	259407
3042	42363
3043	99615
3044	156441
3045	119588
3046	53355
3047	125281
3048	210506
3049	130283
3050	290834
3051	107663
3052	190686
3053	70152
3054	110403
3055	144964
3056	218071
3057	307922
3058	275348
3059	159955
3060	186010
3061	226087
3062	250549
3063	299063
3064	107786
3065	159770
3066	153861
3067	90440
3068	173787
3069	150562
3070	126415
3071	131792
3072	78436
3073	271159
3074	146433
3075	176672
3076	245977
3077	194924
3078	239140
3079	115083
3080	95020
3081	74463
3082	288383
3083	105318
3084	175592
3085	304937
3086	126267
3087	229740
3088	266696
3089	128964
3090	180685
3091	169697
3092	103546
3093	109049
3094	103811
3095	132327
3096	78216
3098	192294
3099	160199
3100	133561
3101	270423
3102	156861
3103	118869
3104	261730
3105	302478
3106	119870
3107	198263
3108	195774
3109	119916
3110	133367
3111	256664
3112	174711
3113	312290
3114	101794
3115	173069
3116	175713
3117	82510
3118	390671
3119	250154
3120	254782
3121	312652
3122	234357
3123	132646
3124	140061
3125	146937
3126	81394
3127	234526
3128	179473
3129	88577
3130	150709
3131	279750
3132	331856
3133	58392
3134	134097
3135	237610
3136	285258
3137	215130
3138	169644
3139	140310
3140	80830
3141	124204
3142	94087
3143	361485
3144	344011
3145	153730
3146	201107
3147	112686
3148	92700
3149	401935
3150	363593
3151	183945
3152	167177
3153	186323
3154	250356
3155	212748
3156	150434
3157	153338
3158	120657
3159	102689
3160	148130
3161	95769
3162	212152
3163	78239
3164	231813
3165	212703
3166	179659
3167	162843
3168	323768
3169	295047
3170	93278
3171	197912
3172	111375
3173	104695
3174	218135
3175	354254
3176	322834
3177	196605
3178	228644
3179	211618
3180	381394
3181	359112
3182	96635
3183	217982
3184	221221
3185	144424
3186	259744
3187	104019
3188	281439
3189	130872
3190	164955
3191	30995
3192	129441
3193	86503
3194	97618
3195	133071
3196	249888
3197	235919
3198	268291
3199	92582
3200	167444
3201	83643
3202	118753
3203	262395
3204	230713
3205	225183
3206	209645
3207	63727
3208	309085
3209	324531
3210	246588
3211	198335
3212	163411
3213	352465
3214	272981
3215	331075
3216	181425
3217	197409
3218	135112
3219	191063
3220	100876
3221	154417
3222	90986
3223	192993
3224	153088
3225	154972
3226	211058
3227	53479
3228	310149
3229	232088
3230	303599
3231	175841
3232	230093
3233	130019
3234	306422
3235	206811
3236	159310
3237	67510
3238	222503
3239	67016
3240	298326
3241	173345
3242	273402
3243	202391
3244	90754
3245	151516
3246	153386
3247	331033
3248	324896
3249	112549
3250	79942
3251	190575
3252	102621
3253	153523
3254	105865
3255	93065
3256	146603
3257	59276
3258	365877
3259	141484
3260	110382
3261	322762
3262	163475
3263	133062
3264	280926
3265	217359
3266	130288
3267	187257
3268	75927
3269	122058
3270	332151
3271	174614
3272	239205
3273	272029
3274	162168
3275	172390
3276	262801
3277	188654
3278	137171
3279	83543
3280	195899
3281	103302
3282	247763
3283	105159
3284	164007
3285	317258
3286	256738
3287	134041
3288	56512
3289	156379
3290	256065
3291	291428
3292	178605
3293	230988
3294	212420
3295	123692
3296	126629
3297	76068
3298	125010
3299	406867
3300	180662
3301	417661
3302	203173
3303	111306
3304	139668
3305	132803
3306	206744
3307	225395
3308	148310
3309	121635
3310	115713
3311	188037
3312	102113
3313	244847
3314	69335
3315	52514
3316	186875
3317	302127
3318	343189
3319	44847
3320	215045
3321	105721
3322	158049
3323	341072
3324	146744
3325	130965
3326	98870
3327	207951
3328	146723
3329	468398
3330	185604
3331	309073
3332	218355
3333	262570
3334	148606
3335	116737
3336	296184
3337	301785
3338	142825
3339	113617
3340	203015
3341	132608
3342	131015
3343	390634
3344	280618
3345	131775
3346	181319
3347	99681
3348	88543
3349	173406
3350	205809
3351	206195
3352	150067
3353	196325
3354	161643
3355	352610
3356	141532
3357	353936
3358	175096
3359	160829
3360	155797
3361	118476
3362	395517
3363	82650
3364	319538
3365	126873
3366	155209
3367	207411
3368	160764
3369	131240
3370	168622
3371	239435
3372	273211
3373	171460
3374	168159
3375	145156
3376	93806
3377	231009
3378	197211
3379	153537
3380	252594
3381	47896
3382	291057
3383	381191
3384	190015
3385	166912
3386	136939
3387	199186
3388	320780
3389	292609
3390	156643
3391	113916
3392	121721
3393	169070
3394	89349
3395	111657
3396	253772
3397	129165
3398	237708
3399	190829
3400	167401
3401	156313
3402	170441
3403	166730
3404	186021
3405	170344
3406	105005
3407	147510
3408	186661
3409	185838
3410	242066
3411	359561
3412	133400
3413	237768
3414	132596
3415	115978
3416	350441
3417	84392
3418	278733
3419	87505
3420	90284
3421	160357
3422	152600
3423	204419
3424	46046
3425	121544
3426	143440
3427	241424
3428	217486
3429	112989
3430	223445
3431	131298
3432	189684
3433	164242
3434	187257
3435	126240
3436	84765
3437	73643
3438	138862
3439	306996
3440	270399
3441	151964
3442	250355
3443	260765
3444	360055
3445	296904
3446	195575
3447	146099
3448	157903
3449	140701
3450	87449
3451	203970
3452	190874
3453	224188
3454	164671
3455	184451
3456	154794
3457	133352
3458	201224
3459	192670
3460	106850
3461	116011
3462	182345
3463	277188
3464	402290
3465	172616
3466	87838
3467	217141
3468	404772
3469	113479
3470	348204
3471	60933
3472	108404
3473	143487
3474	76896
3475	146045
3476	90052
3477	170962
3478	207437
3479	126045
3480	142101
3481	246899
3482	187490
3483	192096
3484	226828
3485	150020
3486	165213
3487	181139
3488	73164
3489	137633
3490	155672
3491	320147
3492	370031
3493	166684
3494	210605
3495	279612
3496	134664
3497	442333
3498	98914
3499	193775
3500	224058
3501	100217
3502	97831
3503	204996
3504	286432
3505	94960
3506	46753
3507	168795
3508	113266
3509	257950
3510	267395
3511	279619
3512	102921
3513	132685
3514	196221
3515	245894
3516	197685
3517	178403
3518	183082
3519	79518
3520	130170
3521	107130
3522	360859
3523	330667
3524	228580
3525	323527
3526	343918
3527	253326
3528	182282
3529	284386
3530	38102
3531	153469
3532	137787
3533	157011
3534	80884
3535	159324
3536	184729
3537	152052
3538	222288
3539	234084
3540	59573
3541	124711
3542	206712
3543	117960
3544	215316
3545	75408
3546	182470
3547	197467
3548	166361
3549	172303
3550	394497
3551	255179
3552	214423
3553	242866
3554	243278
3555	352738
3556	299754
3557	71992
3558	107134
3559	173775
3560	168126
3561	119072
3562	128681
3563	80317
3564	67371
3565	183605
3566	68072
3567	246301
3568	49370
3569	123618
3570	221957
3571	219934
3572	232074
3573	232555
3574	221889
3575	188521
3576	174894
3577	271256
3578	69331
3579	324763
3580	153110
3581	192239
3582	140938
3583	118594
3584	182098
3585	61659
3586	236410
3587	53290
3588	96994
3589	211671
3590	81736
3591	159938
3592	59213
3593	179418
3594	20144
3595	288465
3596	162069
3597	225640
3598	238893
3599	258524
3600	246734
3601	71749
3602	190350
3603	158264
3604	62043
3605	126097
3606	73087
3607	188757
3608	139644
3609	168800
3610	95780
3611	201138
3612	202709
3613	87632
3614	140961
3615	179456
3616	186455
3617	186173
3618	103504
3619	150115
3620	245839
3621	126407
3622	280353
3623	150937
3624	272138
3625	150036
3626	218661
3627	233270
3628	183939
3629	102100
3630	124296
3631	95419
3632	29510
3633	144518
3634	122457
3635	147847
3636	157586
3637	169917
3638	129618
3639	231503
3640	162326
3641	194877
3642	210339
3643	200864
3644	164288
3645	139301
3646	296611
3647	122754
3648	168187
3649	169550
3650	127627
3651	175288
3652	178506
3653	337428
3654	109029
3655	148763
3656	162461
3657	73132
3658	153892
3659	172248
3660	182584
3661	376938
3662	115094
3663	200519
3664	83102
3665	140775
3666	203723
3667	230462
3668	187004
3669	62336
3670	135496
3671	140282
3672	408022
3673	117458
3674	133771
3675	179339
3676	147210
3677	222206
3678	123014
3679	69224
3680	110698
3681	81313
3682	93371
3683	157379
3684	113949
3685	90840
3686	224225
3687	102052
3688	180160
3689	99209
3690	201874
3691	121186
3692	161528
3693	178061
3694	239727
3695	171491
3696	46708
3697	99442
3698	304875
3699	269501
3700	176196
3701	216308
3702	372623
3703	232413
3704	203566
3705	110214
3706	69424
3707	77126
3708	107559
3709	122280
3710	116919
3711	197944
3712	167368
3713	182131
3714	199034
3715	104393
3716	195705
3717	126506
3718	63939
3719	61656
3720	128942
3721	128722
3722	116972
3723	150359
3724	240585
3725	115057
3726	162549
3727	108347
3728	154189
3729	286786
3730	449177
3731	230131
3732	224720
3733	205195
3734	328876
3735	250182
3736	383277
3737	294736
3738	252048
3739	57287
3740	75437
3741	92951
3742	104760
3743	119417
3744	91620
3745	187799
3746	41618
3747	161166
3748	183852
3749	123978
3750	66829
3751	129565
3752	135398
3753	179380
3754	316937
3755	251447
3756	350153
3757	210112
3758	246495
3759	178217
3760	261110
3761	122311
3762	226515
3763	224345
3764	204158
3765	159944
3766	107931
3767	322673
3768	60161
3769	101009
3770	176205
3771	109602
3772	118046
3773	91530
3774	72613
3775	53194
3776	347985
3777	112059
3778	136130
3779	103282
3780	103898
3781	103686
3782	30564
3783	53220
3784	182429
3785	122028
3786	100995
3787	257303
3788	153388
3789	108373
3790	130475
3791	139033
3792	139910
3793	137175
3794	222932
3795	167777
3796	225460
3797	263197
3798	248057
3799	192393
3800	292540
3801	124646
3802	78865
3803	86798
3804	49709
3805	100411
3806	285682
3807	198396
3808	305042
3809	180126
3810	258306
3811	282897
3812	374161
3813	328946
3814	296085
3815	112345
3816	216698
3817	160157
3818	232880
3819	99755
3820	69532
3821	130598
3822	44916
3823	411568
3824	203290
3825	179293
3826	108243
3827	160971
3828	113008
3829	275582
3830	186593
3831	284377
3832	261229
3833	147122
3834	111681
3835	113140
3836	321106
3837	243005
3838	164355
3839	207387
3840	170492
3841	94223
3842	67220
3843	259446
3844	208878
3845	280588
3846	245392
3847	321325
3848	312985
3849	107238
3850	128861
3851	90274
3852	478319
3853	84511
3854	157382
3855	234862
3856	187283
3857	348977
3858	201727
3859	170851
3860	167487
3861	380571
3862	193604
3863	174535
3864	255414
3865	82700
3866	114685
3867	152915
3868	106839
3869	340791
3870	138769
3871	167611
3872	155343
3873	90339
3874	101983
3875	44064
3876	133964
3877	162077
3878	266474
3879	195993
3880	217586
3881	75524
3882	151552
3883	254519
3884	143642
3885	128786
3886	155578
3887	87267
3888	460091
3889	114483
3890	82703
3891	143999
3892	119146
3893	254031
3894	284376
3895	143644
3896	79894
3897	153759
3898	517119
3899	163955
3900	154732
3901	145901
3902	364252
3903	177571
3904	367770
3905	237057
3906	222862
3907	258194
3908	360399
3909	354668
3910	209742
3911	148190
3912	186987
3913	149687
3914	144012
3915	149461
3916	216050
3918	161358
3919	177692
3920	184346
3921	173579
3922	144363
3923	299700
3924	401895
3925	173749
3926	39412
3927	382922
3928	261597
3929	159909
3930	89863
3931	229995
3932	246666
3933	145003
3934	181674
3935	471084
3936	219741
3937	12
3938	172654
3939	258322
3940	252503
3941	231031
3942	194803
3943	211478
3944	174826
3945	337597
3946	189213
3947	203393
3948	105458
3949	91828
3950	131470
3951	36972
3952	81722
3953	175908
3954	191642
3955	274239
3956	316069
3957	244237
3958	141569
3959	235277
3960	181191
3961	238180
3962	262515
3963	184456
3964	258160
3965	175469
3966	150083
3967	305998
3968	343686
3969	76699
3970	367834
3971	214508
3972	171520
3973	175790
3974	199219
3975	203834
3976	230465
3977	377350
3978	125782
3979	296409
3980	200188
3981	448909
3982	104014
3983	164748
3984	345164
3985	209975
3986	229986
3987	82212
3988	308139
3989	185623
3990	176984
3991	310862
3992	454328
3993	493625
3994	392057
3995	438921
3996	400663
3997	554505
3998	441112
3999	87227
4000	497709
4001	396589
4002	412686
4003	480361
4004	465624
4005	233821
4006	392365
4007	241576
4008	480122
4009	155808
4010	482714
4011	371544
4012	396704
4013	546881
4014	334485
4015	144456
4016	155230
4017	335145
4018	390064
4019	322848
4020	164116
4021	250273
4023	276090
4024	208487
4026	209340
4027	275097
4028	210059
4029	219002
4030	221907
4031	164387
4032	187402
4033	95454
4034	185016
4035	59987
4036	290668
4037	279475
4038	318265
4039	130956
4040	204355
4041	299160
4042	224686
4043	322607
4044	193022
4045	205665
4046	150021
4047	179693
4048	172175
4049	93222
4050	290716
4051	258314
4052	213016
4053	148393
4054	144780
4055	244645
4056	121329
4057	103007
4058	203504
4059	247045
4060	219596
4061	133064
4062	240517
4063	187179
4064	222648
4065	134478
4066	205228
4067	175425
4068	175079
4069	171997
4070	162976
4071	177967
4072	165528
4073	184903
4074	175847
4075	227685
4076	130295
4077	190074
4078	175746
4079	93720
4080	142969
4081	150890
4082	172007
4083	157894
4085	30138
4086	109830
4087	176732
4088	222075
4089	100094
4090	177394
4091	159412
4092	104537
4093	120912
4094	164025
4095	110063
4096	238649
4097	154626
4098	158829
4099	210506
4100	57006
4101	198561
4102	189586
4103	68785
4104	201197
4105	166044
4106	99502
4107	113168
4108	147836
4109	152125
4110	67290
4111	192264
4112	134765
4113	70720
4114	162626
4115	154470
4116	154206
4117	148274
4118	87057
4119	194276
4120	172497
4121	92839
4122	98466
4123	234088
4124	81591
4125	185016
4126	170525
4127	124240
4128	153892
4129	51582
4130	134948
4131	134898
4132	82301
4133	60932
4134	166815
4135	167735
4136	113756
4137	188256
4138	222164
4139	48355
4140	49670
4141	183813
4142	253483
4143	83262
4144	101534
4145	118498
4146	198592
4147	65909
4148	75205
4149	126359
4150	91153
4151	91228
4152	89359
4153	137942
4154	108455
4155	223002
4156	58828
4157	186613
4158	176693
4159	53208
4160	197394
4161	134035
4162	198931
4163	54960
4164	185267
4165	222895
4166	69494
4167	159514
4168	223106
4169	84269
4170	138789
4171	137637
4172	131140
4173	88493
4174	38917
4175	135035
4176	114559
4177	100500
4178	161971
4179	157659
4180	76495
4181	184397
4182	117663
4183	72502
4184	120820
4185	224448
4186	54794
4187	136757
4188	121376
4189	35056
4190	145923
4191	149461
4192	204781
4193	132751
4194	99420
4195	150782
4196	249567
4197	43100
4198	116752
4199	143120
4200	130950
4201	226245
4202	127249
4203	121365
4204	119459
4205	159498
4206	40378
4207	68816
4208	169385
4209	163975
4210	47055
4211	60726
4212	149768
4213	77519
4214	33971
4215	67634
4216	100330
4217	127490
4218	60228
4219	93726
4220	77568
4221	106523
4222	173235
4223	162765
4224	106605
4225	92804
4226	85584
4227	231822
4228	28056
4229	110060
4230	98228
4231	78383
4232	35171
4233	88670
4234	76909
4235	83440
4236	31768
4237	102955
4238	89163
4239	175303
4240	216709
4241	84989
4242	177150
4243	249071
4244	51928
4245	108630
4246	159103
4247	388358
4248	74707
4249	79470
4250	165400
4251	180765
4252	47515
4253	108558
4254	140744
4255	200212
4256	42845
4257	95322
4258	173725
4259	43964
4260	89100
4261	109375
4262	58613
4263	151318
4264	225719
4265	165554
4266	170728
4267	152432
4268	126662
4269	83827
4270	109170
4271	142648
4272	40659
4273	119765
4274	202075
4275	204780
4276	63734
4277	176940
4278	189726
4279	103806
4280	132191
4281	190537
4282	153400
4283	135928
4284	177015
4285	61138
4286	114904
4287	163671
4288	96541
4289	142351
4290	163438
4291	58152
4292	87116
4293	150060
4294	77114
4295	75527
4296	122887
4297	70447
4298	184540
4299	214521
4300	153464
4301	121451
4302	126400
4303	101910
4304	186520
4305	181745
4306	120059
4307	90447
4308	89826
4309	200274
4310	149696
4311	131386
4312	179959
4313	115465
4314	91814
4315	108983
4316	56865
4317	218956
4318	171809
4319	121425
4320	113697
4321	156031
4322	320181
4323	217346
4324	109294
4325	133469
4326	76221
4327	145586
4328	143313
4329	265284
4330	63150
4331	67469
4332	92589
4333	45945
4334	148564
4335	209012
4336	165319
4337	75663
4338	76916
4339	113013
4340	97960
4341	57911
4342	193331
4343	107803
4344	183915
4345	113728
4346	98364
4347	135433
4348	106718
4349	121862
4350	112824
4351	101257
4352	128790
4353	72869
4354	169667
4355	48489
4356	340333
4357	315202
4358	151759
4359	126807
4360	404715
4361	142639
4362	173782
4363	197040
4364	135461
4365	158591
4366	50129
4367	216331
4368	131893
4369	123616
4370	134726
4371	155732
4372	171289
4373	227459
4374	89093
4375	69543
4376	143290
4377	65795
4378	208216
4379	37033
4380	147079
4381	301907
4382	203256
4383	92533
4384	167381
4385	95427
4386	221842
4387	87987
4388	190976
4389	65480
4390	155477
4391	88296
4392	145042
4393	241743
4394	265529
4395	150089
4396	376202
4397	321297
4398	133974
4399	191165
4400	84279
4401	150207
4402	203811
4403	111821
4404	126896
4405	164865
4406	202228
4407	148830
4408	79686
4409	170380
4410	106391
4411	194058
4412	192240
4413	170164
4414	222041
4415	158662
4416	100256
4417	138324
4418	129701
4419	210011
4420	67001
4421	148051
4422	71686
4423	92597
4424	31400
4425	115866
4426	177936
4427	39532
4428	130694
4429	75638
4430	126819
4431	101397
4432	167143
4433	74604
4434	44266
4435	113743
4436	135965
4437	67504
4438	121996
4439	54875
4440	89556
4441	99087
4442	108729
4443	36518
4444	103366
4445	139067
4446	225570
4447	242286
4448	185575
4449	212283
4450	304375
4451	210685
4452	172949
4453	179975
4454	132626
7527	1412
7528	174178
7529	290260
7530	173627
7531	108219
7532	310785
7533	152174
7534	152290
7535	160716
7536	115779
7537	17483
7538	100272
7539	76071
7540	87452
7541	128012
7542	109079
7543	43015
7544	112354
7545	118819
7546	149176
7547	78733
7548	7960
7549	31833
7550	16574
7551	12002
7552	157696
7553	68970
7554	59468
7555	15294
7556	5062
7557	71550
7558	30330
7559	101707
7560	28483
7561	6407
7562	12107
7563	20655
7564	101416
7565	24610
7566	51814
7567	3500
7568	24021
7569	36524
7570	25354
7571	4281
7572	122003
7573	141102
7574	15226
7575	14301
7576	63435
7578	14845
7579	13675
7580	15539
7581	54068
7582	52538
7583	57043
7584	93835
7585	97432
7586	114810
7587	132411
7588	51907
7589	19786
7590	217647
7591	6997
7592	37381
7593	15410
7594	103192
7595	87815
7596	4012
7597	337
7598	856
7599	1064
7600	104723
7601	9177
7602	14920
7603	162161
7604	84040
7605	83562
7606	194472
7607	39109
7608	248417
7609	17484
7610	86032
7611	164484
7612	343937
7613	119831
7614	173416
7615	67434
7616	89456
7617	78889
7618	128864
7619	357445
7620	258870
7621	70789
7622	123600
7623	78854
7624	82117
7625	133951
7626	68959
7627	192717
7628	21567
7629	57465
7630	42401
7631	36914
7632	100682
7633	77719
7634	205779
7635	112859
7636	77421
7637	76500
7638	34479
7639	59537
7640	84569
7641	51613
7642	179058
7643	93692
7644	122308
7645	106861
7646	123567
7647	147909
7648	18180
7649	50960
7650	40046
7651	32412
7652	72228
7653	81601
7654	99387
7655	40774
7656	11119
7657	4864
7658	138325
7659	310781
7660	193862
7661	121806
7662	147213
7663	118111
7664	137883
7665	89609
7666	108827
7667	78281
7668	71676
7669	69024
7670	84593
7671	63580
7672	65956
7673	90816
7674	61711
7675	96722
7676	71501
7677	75556
7678	64956
7679	71628
7680	59044
7681	36621
7682	58312
7683	75559
7684	75525
7685	17095
7686	64438
7687	74544
7688	33499
7689	82183
7690	39200
7691	42710
7692	11863
7693	31110
7694	20159
7695	27853
7696	44823
7697	61115
7698	67537
7699	20235
7700	82503
7701	51121
7702	22874
7703	29822
7704	46534
7705	36322
7706	20852
7707	20790
7708	26490
7709	37782
7710	23373
7711	15817
7712	39145
7713	23366
7714	35284
7715	28161
7716	8136
7717	17905
7718	19506
7719	9234
7720	8381
7721	21397
7722	14755
7723	10651
7724	13777
7725	33143
7726	75307
7727	45515
7728	28384
7729	47366
7730	83693
7731	73258
7732	78602
7733	56581
7734	59626
7735	70960
7736	61743
7737	38620
7738	32192
7739	39045
7740	38455
7741	28733
7742	55852
7743	33285
7744	31422
7745	35801
7746	22696
7747	20620
7748	14623
7749	12776
7750	15454
7751	20793
7752	41153
7753	28835
7754	13676
7755	18913
7756	21657
7757	15423
7758	13218
7759	14245
7760	6217
7761	2412
7762	6255
7763	10756
7764	6299
7765	8701
7766	16781
7767	9598
7768	75225
7769	71609
7770	228742
7771	20436
7772	19193
7773	40449
7774	75073
7775	89934
7776	107440
7777	105089
7778	165700
7779	176562
7780	125805
7781	106952
7782	239223
7783	171938
7784	230686
7785	29400
7786	163412
7787	163759
7788	60885
7789	100523
7790	48437
7791	77000
7792	113581
7793	107800
7794	79661
7795	170354
7796	204362
7797	148073
7798	355148
7799	108383
7800	87149
7801	195972
7802	163965
7803	77311
7804	194349
7805	70027
7806	164113
7807	111337
7808	117918
7809	38056
7810	155437
7811	29819
7812	163672
7813	29604
7814	62612
7815	141256
7816	21654
7817	153789
7818	46328
7819	177272
7820	136499
7821	41355
7822	200549
7823	50653
7824	151333
7825	38310
7826	81176
7827	77685
7828	23704
7829	122834
7830	94467
7831	159764
7832	32659
7833	140525
7834	66431
7835	147362
7836	64282
7837	109541
7838	22184
7839	155544
7840	26431
7841	66487
7842	21576
7843	262235
7844	223043
7845	175500
7846	99015
7847	32685
7848	21666
7849	119439
7850	39712
7851	53112
7852	67403
7853	47375
7854	61218
7855	49096
7856	14033
7857	43913
7858	17672
7859	39249
7860	68946
7861	40552
7862	29208
7863	4014
7864	28458
7865	19669
7866	5457
7867	4959
7868	20921
7869	14397
7870	7232
7871	23529
7873	20018
7874	81354
7875	207005
7876	71664
7877	53766
7878	78144
7879	165801
7880	61107
7881	182406
7882	176725
7883	164899
7884	129213
7885	131430
7886	234124
7887	108768
7888	9457
7889	86005
7890	49762
7891	425565
7892	83184
7893	33663
7894	15693
7895	95722
7896	93947
7897	90147
7898	12699
7899	176521
7900	139622
7901	163652
7902	153982
7903	125648
7904	106631
7905	186976
7906	26953
7907	106642
7908	58516
7909	122299
7910	69079
7911	45890
7912	60676
7913	209551
7914	193784
7915	262870
7916	115069
7917	65594
7918	64788
7919	71772
7920	74506
7921	89177
7922	48424
7923	40434
7924	41290
7925	7104
7926	39659
7927	126527
7928	41272
7929	2453
7930	156942
7931	60841
7932	155574
7933	201581
7934	125367
7935	145647
7936	142376
7937	243774
7938	122747
7939	128182
7940	159426
7941	122373
7942	142499
7943	200176
7944	182210
7945	125404
7946	89153
7947	215274
7948	129007
7949	314253
7950	334712
7951	82268
7952	179949
7953	31614
7954	32405
7955	51797
7956	55883
7957	52795
7958	49382
7959	139978
7960	96105
7961	278809
7962	92542
7963	197512
7964	155250
7965	115275
7966	67509
7967	87793
7968	85327
7969	185036
7970	65122
7971	93285
7972	144085
7973	106231
7974	111009
7975	60608
7976	136978
7977	78653
7978	100772
7979	87214
7980	62489
7981	81981
7982	64201
7983	46337
7984	66615
7985	47974
7986	59882
7987	50248
7988	98904
7989	94355
7990	279021
7991	237865
7992	143993
7993	129479
7994	127940
7995	85763
7996	57620
7997	208124
7998	152291
7999	219580
8000	235696
8001	138552
8002	139985
8003	6719
8004	113913
8005	84750
8006	89589
8007	105615
8008	140857
8009	128036
8010	92127
8011	70916
8012	109099
8013	96849
8014	25733
8015	38203
8016	34681
8017	34861
8018	30906
8019	28910
8020	24882
8021	41897
8022	50549
8023	32134
8024	236222
8025	22270
8026	70814
8027	160468
8028	131403
8029	93431
8030	227569
8031	130840
8032	114875
8033	121268
8034	82217
8035	99618
8036	88037
8037	39630
8038	43149
8039	63496
8040	55471
8041	436581
8042	86444
8043	70834
8044	65350
8045	63250
8046	68997
8047	212525
8048	130874
8049	76734
8050	71587
8051	92213
8052	90726
8053	121242
8054	103505
8055	144225
8056	113392
8057	50862
8058	41767
8059	35606
8060	50509
8061	8581
8062	118826
8063	106673
8064	144159
8065	111579
8066	79075
8067	103402
8068	118215
8069	101547
8070	126926
8071	223650
8072	200401
8073	177842
8074	190280
8075	259058
8076	135057
8077	106115
8078	108072
8079	105222
8080	127140
8081	140858
8082	74038
8083	93247
8084	84547
8085	86288
8086	72724
8087	157559
8088	168712
8089	98597
8090	92091
8091	116750
8092	65827
8093	119065
8094	171734
8095	223899
8096	143061
8097	117324
8098	283961
8099	186368
8100	260756
8101	242054
8102	54665
8103	70246
8104	235211
8105	141055
8106	81471
8107	81085
8108	112612
8109	96794
8110	175679
8111	142274
8112	310377
8113	306878
8114	425315
8115	159151
8116	351411
8117	178564
8118	166839
8119	222801
8120	176442
8121	207261
8122	40421
8123	141533
8124	260828
8125	13166
8126	77324
8127	52940
8128	31774
8129	53770
8130	51172
8131	48627
8132	12643
8133	57480
8134	64381
8135	67533
8136	263168
8137	109694
8138	139833
8139	134205
8140	248995
8141	166908
8143	286440
8144	270746
8145	166257
8146	97748
8147	94967
8148	205763
8149	124686
8150	175751
8151	98333
8152	61034
8153	35465
8154	100195
8155	145322
8156	47699
8157	97850
8158	245301
8159	6152
8160	29780
8161	210058
8162	141397
8163	33153
8165	138745
8166	136487
8167	74883
8168	84418
8169	100628
8170	84826
8171	168268
8172	160145
8173	93709
8174	156885
8176	193355
8177	33644
8178	108375
8179	172001
8180	62295
8181	91796
8182	97196
8183	83038
8184	94040
8185	77933
8186	122000
8187	19001
8188	108181
8189	65691
8190	79130
8191	81416
8192	96646
8193	119723
8194	55258
8195	105038
8196	105030
8197	43712
8198	83356
8199	128974
8200	136737
8201	122495
8202	90500
8203	20539
8204	128631
8205	79016
8206	125717
8207	32897
8208	399059
8209	219552
8210	143949
8211	269472
8212	392900
8213	108623
8214	111735
8215	320935
8216	140784
8217	124441
8218	33104
8219	36601
8220	128325
8221	76950
8222	65548
8223	66058
8224	51020
8225	73339
8226	74118
8227	72145
8228	61183
8229	56058
8230	36951
8231	57543
8232	38956
8233	29731
8234	42126
8235	17325
8236	31148
8237	36741
8238	33020
8239	51216
8240	35552
8241	66933
8242	32342
8243	184681
8244	149866
8245	185417
8246	95059
8247	192513
8248	207226
8249	153919
8250	145919
8251	56042
8252	172613
8253	161063
8254	123571
8255	100888
8256	109803
8257	93509
8258	167933
8259	9905
8260	80358
8261	144878
8262	40689
8263	147781
8264	70372
8265	109892
8266	82670
8267	109339
8268	51595
8269	43067
8270	65478
8271	146084
8272	49872
8273	20064
8274	67943
8275	50591
8276	29720
8277	73662
8278	15659
8279	25542
8280	22937
8281	15691
8282	22740
8283	18846
8284	22013
8285	18730
8286	15058
8287	21697
8288	12445
8289	8841
8290	1226
8291	19090
8292	10396
8293	21583
8294	1660
8295	48093
8296	31375
8297	15354
8298	19952
8299	16707
8300	98019
8301	35985
8302	270602
8303	107628
8304	48109
8305	89220
8306	15734
8307	46007
8308	40243
8309	135299
8310	110937
8311	146359
8312	69500
8313	93827
8314	108912
8315	72719
8316	96994
8317	94642
8318	95296
8319	38999
8320	53069
8321	36816
8322	35961
8323	25378
8324	19053
8325	91342
8326	46893
8327	56893
8328	50255
8329	55680
8330	74274
8331	48209
8332	37567
8333	69703
8334	100218
8335	33668
8336	7896
8337	24088
8338	36076
8339	49183
8340	22351
8341	27298
8342	25269
8343	28722
8344	23805
8345	26644
8346	13865
8347	18356
8348	12611
8349	13545
8350	31528
8351	17417
8352	31880
8353	27061
8354	41353
8355	32994
8356	34413
8357	26155
8358	23099
8359	22232
8360	121051
8361	107192
8362	75391
8363	101101
8364	118881
8365	166722
8366	157268
8367	96051
8368	142826
8369	143008
8370	74659
8371	39735
8372	73251
8373	114288
8374	22406
8375	92420
8376	53806
8377	102495
8378	127677
8379	94986
8380	67049
8381	58193
8382	55226
8383	68792
8384	89870
8385	31572
8386	39722
8387	53610
8388	13691
8389	34527
8390	45781
8391	28823
8392	140528
8393	32386
8394	35310
8395	30516
8396	37674
8397	24225
8398	43773
8399	38269
8400	33109
8401	19154
8402	10316
8403	35462
8404	27432
8405	47688
8406	22900
8407	20898
8408	10654
8409	26318
8410	20187
8411	24743
8412	19095
8413	29305
8414	18635
8415	26919
8416	21899
8417	14868
8418	6146
8419	6040
8420	15259
8421	44306
8422	44450
8423	27351
8424	13808
8425	48085
8426	23358
8427	40946
8428	34606
8429	47760
8430	41282
8431	48934
8432	12014
8433	52691
8434	101340
8435	290962
8436	193952
8437	204793
8438	155667
8439	57942
8440	126636
8441	160039
8443	77617
8444	92060
8445	128647
8446	107681
8447	41020
8448	74589
8449	16053
8450	30600
8451	8366
8452	28537
8453	46087
8454	9322
8455	42317
8456	34255
8457	49848
8458	33743
8459	44391
8460	31894
8461	27423
8462	49583
8463	12178
8464	36606
8465	34959
8466	56015
8467	30910
8468	38352
8470	11172
8471	10788
8472	18922
8473	19079
8474	17493
8475	33709
8476	5082
8477	19562
8478	2709
8479	11189
8480	26616
8481	16209
8482	5155
8483	8662
8484	13366
8485	49248
8486	12794
8487	42109
8488	161302
8489	120916
8490	99735
8491	96083
8492	135003
8493	87377
8494	94603
8495	68758
8496	66354
8497	146656
8498	168471
8499	123054
8500	130994
8501	90614
8502	67488
8503	97319
8504	77974
8505	39674
8506	69287
8507	75842
8508	80620
8509	52010
8510	164117
8511	98825
8512	85862
8513	55886
8514	34390
8515	103387
8516	43129
8517	60574
8518	44302
8519	40773
8520	39993
8521	55633
8522	54550
8523	105693
8524	156350
8525	77464
8526	192502
8527	69195
8528	107638
8529	60753
8530	210194
8531	140142
8532	85530
8533	175954
8534	72577
8535	106366
8536	56115
8537	68155
8538	102026
8539	174501
8540	90848
8541	164917
8542	300210
8543	80421
8544	43826
8545	116121
8546	64932
8547	63388
8548	81486
8549	72569
8550	93776
8551	117058
8552	157351
8553	85218
8554	41904
8555	91888
8556	104717
8557	52522
8558	14743
8559	19440
8560	4142
8561	12085
8562	10493
8563	11513
8564	27621
8565	18173
8566	23068
8567	28145
8568	33235
8569	36366
8570	23954
8571	29358
8572	35744
8573	34251
8574	134392
8575	23394
8576	63208
8577	78686
8578	58125
8579	15321
8580	27467
8581	24120
8582	25294
8583	13580
8584	81983
8585	40049
8586	20560
8587	89406
8588	7716
8589	195638
8590	116005
8591	51453
8592	112762
8593	227582
8594	95337
8595	151141
8596	195392
8597	132068
8598	70636
8599	144960
8600	111352
8601	63001
8602	55479
8603	60266
8604	53928
8605	98141
8606	84038
8607	60897
8608	50747
8609	49371
8610	60040
8611	64885
8612	27927
8613	30868
8614	52800
8615	34890
8617	43857
8619	18136
8620	44450
8621	47085
8622	134258
8623	17840
8624	79663
8625	113771
8626	84316
8627	18746
8628	107267
8629	137225
8630	98482
8631	19846
8632	153727
8633	90311
8634	175012
8635	55232
8636	72498
8637	68334
8638	84517
8639	29003
8640	99911
8641	69383
8642	26574
8643	32277
8644	3464
8645	30854
8646	19611
8647	48016
8648	7892
8649	19684
8650	50902
8651	18265
8652	53108
8653	46570
8654	37894
8655	62631
8656	34093
8657	163870
8658	66833
8659	70948
8660	209945
8661	150582
8662	168783
8663	121746
8664	150882
8665	145238
8666	193217
8667	17024
8668	163003
8669	142858
8670	9528
8671	6127
8672	19260
8673	32600
8674	34249
8675	42691
8676	43200
8677	20250
8678	22062
8679	26696
8680	141392
8681	90791
8682	128152
8683	121216
8684	175831
8685	134141
8686	203068
8687	120450
8688	75927
8689	19133
8690	16671
8691	61293
8692	50369
8693	31969
8694	48378
8695	46556
8696	22396
8697	48932
8698	17195
8699	132739
8700	62318
8701	73057
8702	27069
8703	23891
8704	11497
8705	8900
8706	20180
8707	28372
8708	7855
8709	8579
8710	13026
8711	11836
8712	11886
8713	9425
8714	10577
8715	7134
8716	732
8717	11969
8718	60179
8719	54427
8720	58397
8721	53816
8722	36164
8723	20622
8724	11998
8725	157310
8726	62495
8727	10952
8728	22626
8729	31334
8730	85895
8731	73230
8732	46281
8733	102585
8734	155561
8735	184370
8736	145692
8737	115482
8738	137941
8739	179830
8740	119568
8741	89159
8742	112924
8743	217828
8744	167022
8745	97961
8746	156827
8747	101650
8748	162640
8749	92733
8750	77616
8751	126119
8752	148039
8753	117760
8754	78842
8755	105162
8756	80412
8757	115017
8758	31154
8759	66964
8760	17540
8761	73529
8762	80699
8763	41671
8764	77969
8765	299578
8766	244408
8767	28914
8768	59404
8769	107630
8771	328985
8772	308676
8773	61739
8774	176534
8775	24944
8776	250944
8777	173889
8778	219636
8779	164159
8780	174425
8781	198968
8782	189553
8783	32979
8784	357248
8785	188837
8786	191010
8787	236871
8788	203223
8789	270662
8790	477080
8791	159834
8792	301727
8793	116160
8794	69805
8795	286794
8796	231270
8797	199504
8798	206742
8799	204770
8800	162953
8801	184121
8802	102000
8803	63445
8804	111815
8805	172790
8806	204354
8807	24118
8808	343094
8809	119816
8810	168781
8811	165079
8812	112819
8813	132322
8814	160012
8815	152738
8816	121127
8817	70192
8818	112849
8819	129537
8820	199683
8821	126592
8822	144961
8823	95142
8824	173559
8825	25802
8826	133728
8827	120645
8828	180168
8829	272348
8830	113849
8831	46962
8832	94527
8833	95789
8834	179439
8835	138332
8836	90030
8837	159252
8838	113794
8839	325436
8840	44397
8841	354959
8842	88054
8843	99353
8844	198645
8845	173030
8846	111785
8847	227047
8848	231807
8849	229792
8850	66517
8851	92041
8852	87191
8853	121361
8854	193899
8855	72613
8856	336553
8857	156733
8858	261959
8859	212633
8860	88180
8861	133615
8862	93546
8863	366516
8864	344194
8865	189812
8866	350074
8867	405505
8868	328352
8869	359236
8870	124751
8871	244542
8872	276557
8873	321296
8874	365819
8875	189420
8876	360412
8877	295868
8878	372492
8879	120771
8880	417564
8881	363092
8882	161386
8883	118224
8884	227962
8885	90590
8886	85305
8887	177700
8888	85246
8889	94000
8890	192730
8891	173557
8892	174330
8893	259175
8894	39018
8895	183527
8896	29053
8897	180701
8898	245125
8899	179830
8900	52042
8901	148853
8902	192631
8903	404807
8904	105862
8905	86348
8906	109375
8907	104259
8908	241113
8909	143878
8910	70198
8911	96657
8912	194318
8913	170738
8914	178302
8915	177168
8916	82334
8917	144928
8918	272565
8919	129372
8920	132878
8921	181318
8922	60982
8923	206785
8924	107649
8925	163220
8926	115616
8927	149085
8928	118884
8929	125525
8930	122001
8931	196733
8932	87906
8933	197917
8934	141568
8935	227288
8936	352006
8937	251907
8938	153556
8939	170857
8940	156356
8941	50721
8942	64106
8943	114092
8944	145206
8945	235207
8946	53038
8947	195749
8948	224589
8949	217820
8950	225422
8951	43241
8952	228617
8953	95030
8954	468001
8955	128690
8956	12594
8957	44173
8958	223887
8959	283926
8960	313843
8961	159062
8962	57546
8963	60371
8964	31464
8965	271976
8966	55301
8967	359398
8968	256214
8969	207492
8970	276168
8971	320616
8972	264619
8973	172451
8974	491901
8975	388003
8976	348935
8977	280402
8978	107377
8979	182853
8980	512326
8981	314003
8982	193424
8983	253885
8984	349046
8985	184099
8986	135508
8987	136385
8988	89114
8989	69957
8990	140251
8991	145519
8992	25722
8993	98444
8994	75839
8995	63718
8996	198579
8997	108313
8998	121162
8999	77104
9000	138906
9001	115699
9002	126563
9003	134357
9004	74761
9005	112214
9006	159218
9007	114657
9008	31768
9009	146044
9010	155975
9011	170730
9012	125221
9016	49999
9017	351716
9018	310634
9019	16107
9020	346199
9021	29271
9022	415061
9023	251132
9024	51145
9025	244764
9026	44351
9027	348376
9028	249807
9029	47174
9030	374810
9031	370569
9032	455219
9033	482805
9034	240845
9035	242074
9036	6758
9037	159788
9038	179263
9039	171919
9040	234669
9041	126057
9042	130239
9043	47488
9044	95101
9045	111136
9046	91474
9047	81761
9048	83951
9049	97469
9050	61158
9051	120926
9052	93587
9053	120621
9054	138388
9055	78310
9056	107282
9057	82243
9058	101093
9059	56491
9060	73072
9061	64339
9062	167380
9063	232884
9064	249856
9065	241941
9066	234887
9067	352410
9068	11681
9069	323076
9070	310905
9071	142287
9072	182714
9073	150066
9074	65786
9075	288227
9076	221151
9077	301531
9078	172105
9079	165423
9080	65063
9081	48695
9082	11091
9083	62588
9084	36758
9085	30626
9086	59562
9087	56305
9088	13402
9089	31975
9090	119412
9091	191334
9092	129867
9093	23856
9094	12603
9095	10818
9096	2002
9097	3513
9098	446
9099	17529
9100	2535
9101	24486
9102	40353
9103	18104
9104	106356
9105	76139
9106	42607
9107	93994
9108	54428
9109	33857
9110	44864
9111	51034
9112	66334
9113	71647
9114	20211
9115	56776
9116	26132
9117	39572
9118	28511
9119	27857
9120	18825
9121	39923
9122	37443
9123	49964
9124	50687
9126	36734
9127	48390
9128	70527
9129	106730
9130	56181
9131	95837
9132	155218
9133	32755
9134	112189
9135	162559
9136	117251
9137	133973
9138	50937
9139	105904
9140	49769
9141	55317
9142	144695
9143	8000
9144	100202
9145	47948
9146	51711
9147	43733
9148	52161
9149	82552
9150	47834
9151	52385
9152	73242
9153	26247
9154	27527
9155	26247
9156	10606
9157	45227
9158	37711
9159	42332
9160	35491
9161	32605
9162	36413
9163	28879
9164	24620
9165	29426
9166	36489
9167	30417
9168	31074
9169	36160
9170	4459
9171	1792
9172	6694
9173	19636
9174	21988
9175	3489
9176	25795
9177	21061
9178	25848
9179	15816
9180	126773
9181	120931
9182	164278
9183	192916
9184	213547
9185	110259
9186	139146
9187	67507
9188	46471
9189	76469
9190	95477
9191	33757
9192	37311
9193	18184
9194	67304
9195	25562
9196	98553
9197	38441
9198	24610
9199	25160
9200	59708
9201	35690
9202	51403
9203	20180
9204	68503
9205	44134
9206	57858
9207	51749
9208	38050
9209	6430
9210	18570
9211	21188
9212	30804
9213	4335
9214	12693
9215	26561
9216	54985
9217	21658
9218	15149
9219	42511
9220	34063
9221	91417
9222	16039
9223	6736
9224	64305
9225	350683
9226	61978
9227	49519
9228	33565
9229	51760
9230	52800
9231	66267
9232	63502
9233	84061
9234	147322
9235	180631
9236	140899
9237	92632
9238	190487
9239	204515
9240	177629
9241	193020
9242	204529
9243	257800
9244	242493
9245	313249
9246	229697
9247	208085
9248	202355
9249	111906
9250	163665
9251	204143
9252	203077
9253	188197
9254	211446
9255	210950
9256	184336
9257	196523
9258	210389
9259	194957
9260	217198
9261	203959
9262	236891
9263	199795
9264	201943
9265	170237
9266	180176
9267	194910
9268	183486
9269	147001
9270	211386
9271	191108
9272	176126
9273	168208
9274	107128
9275	109967
9276	127093
9277	86799
9278	70584
9279	78092
9280	120762
9281	116316
9282	111248
9283	248657
9284	39538
9285	17903
9286	29420
9287	27637
9288	53719
9289	59339
9290	85560
9291	96261
9292	59534
9293	56678
9294	86213
9295	97313
9296	90002
9297	103842
9298	87559
9299	93588
9300	73702
9301	71998
9302	53905
9303	60634
9304	47438
9305	63686
9306	96905
9307	101025
9308	87778
9309	83370
9310	129608
9311	122156
9312	83600
9313	82208
9314	84466
9315	52725
9316	68135
9317	55436
9318	81409
9319	74246
9320	62157
9321	42310
9322	36117
9323	45575
9324	28650
9325	39848
9326	32517
9327	68994
9328	31851
9329	61879
9330	84136
9331	317020
9332	141302
9333	8151
9334	50708
9335	54428
9336	4399
9337	171011
9338	221900
9339	204492
9340	198033
9342	90114
9343	187014
9344	78128
9345	253862
9346	188568
9347	70382
9348	44111
9349	306683
9350	88876
9351	201730
9352	105554
9353	159697
9354	76933
9355	136303
9356	115005
9357	104052
9358	91985
9359	111049
9360	134492
9361	90051
9362	163304
9363	105066
9364	87581
9365	133989
9366	81350
9367	122245
9368	108352
9369	69486
9370	98985
9371	84594
9372	97399
9373	88019
9374	31123
9375	112911
9376	240448
9377	201791
9378	106900
9379	136274
9380	59162
9381	58805
9382	74951
9383	118324
9384	166542
9385	98910
9386	79995
9387	68153
9388	181188
9389	131462
9390	117357
9391	135151
9392	171950
9393	109108
9394	93475
9395	101320
9396	83498
9397	190365
9398	135873
9399	167373
9400	159419
9401	147945
9402	133981
9403	161442
9404	65401
9405	95397
9406	90206
9407	148362
9408	93623
9409	103898
9410	70855
9411	318653
9412	119028
9413	86986
9414	142372
9415	160632
9416	144188
9417	284581
9418	145032
9419	119879
9420	105599
9421	108365
9422	104539
9423	110771
9424	102302
9425	98617
9426	108720
9427	136603
9428	163356
9429	158635
9430	136003
9431	144387
9432	60421
9433	171848
9434	69093
9435	122954
9436	140077
9437	73841
9438	107386
9439	91293
9440	78241
9441	68861
9442	97809
9443	105846
9444	65562
9445	156602
9446	92742
9447	116622
9448	127631
9449	127086
9450	70850
9451	88731
9452	61870
9453	67411
9454	126772
9455	122528
9456	107600
9457	73361
9458	56306
9459	60068
9460	73500
9461	77385
9462	68119
9463	195881
9464	120735
9465	185714
9466	106140
9467	110857
9468	142942
9469	110827
9470	82355
9471	121094
9472	131151
9473	103370
9474	142199
9475	73014
9476	111442
9477	107565
9478	132142
9479	62287
9480	138251
9481	97457
9482	54841
9483	137407
9484	88404
9485	126108
9486	184094
9487	103260
9488	196208
9489	233915
9490	128520
9491	98785
9492	328141
9493	77672
9494	91210
9495	123774
9496	116134
9497	139829
9498	85605
9500	87002
9501	73685
9502	113677
9503	71104
9504	75526
9505	54361
9506	74626
9507	124490
9508	114944
9509	195538
9510	126858
9511	66246
9512	42376
9513	119241
9514	128125
9515	101031
9516	95368
9517	162728
9518	109641
9519	8866
9520	15354
9521	42582
9522	24633
9523	29430
9525	106461
9526	48732
9527	86292
9528	106644
9529	7050
9530	13773
9531	8964
9532	11720
9533	11411
9534	14069
9535	22383
9536	20556
9537	16012
9538	17776
9539	11247
9540	229
9541	256420
9542	199653
9543	71220
9544	48882
9545	95435
9546	39322
9547	52206
9548	23684
9549	25053
9550	132502
9551	144110
9552	31193
9553	6780
9554	7977
9555	36358
9556	11642
9557	81246
9558	48257
9559	62175
9560	41753
9561	27529
9562	28460
9563	78577
9564	142921
9565	77499
9566	146815
9567	46529
9568	266728
9569	56556
9570	150810
9571	62955
9572	25081
9573	86490
9574	49991
9575	59864
9576	35399
9577	75435
9578	105105
9579	92441
9580	96158
9581	61145
9582	97971
9583	81903
9584	108418
9585	50298
9586	72206
9587	80166
9588	24300
9589	177451
9590	251109
9591	66868
9592	186113
9593	46085
9594	114187
9595	117811
9596	72040
9597	401
9598	880
9599	27048
9600	21137
9601	25914
9602	16097
9603	19289
9604	16991
9605	15411
9606	20625
9607	11784
9608	22786
9609	3230
9610	24151
9611	29323
9612	27314
9613	18728
9614	11116
9615	85804
9616	46413
9617	128852
9618	4784
9619	108722
9620	101746
9621	85551
9622	45268
9623	31221
9624	33926
9625	76709
9627	106631
9628	41041
9629	14833
9630	23478
9631	29226
9632	26832
9633	10316
9634	27624
9635	15671
9636	35019
9637	30968
9638	40282
9639	46819
9640	37520
9641	49728
9642	30537
9643	16098
9644	15476
9645	25862
9646	18493
9647	29428
9648	32165
9649	38089
9650	42818
9651	58916
9652	47859
9653	40544
9654	59903
9655	69515
9656	64582
9657	51947
9658	78912
9659	22934
9660	95498
9661	55275
9662	160018
9663	149301
9664	193532
9665	141479
9666	143151
9667	110492
9668	67567
9669	25716
9670	91378
9671	36018
9672	92657
9673	66247
9674	34619
9675	24500
9676	136144
9677	112286
9678	26825
9679	23536
9680	38850
9681	52263
9682	45093
9683	71507
9684	30876
9685	84310
9686	192584
9687	71180
9688	91455
9689	65778
9690	65292
9691	27976
9692	94266
9693	67061
9694	24754
9695	108011
9696	190490
9697	30715
9698	30264
9699	74096
9700	5525
9701	94171
9702	14979
9703	65154
9704	37940
9705	58762
9706	124059
9707	113297
9708	8486
9709	80967
9710	79466
9711	38393
9712	317988
9713	182857
9714	362322
9715	142348
9716	173176
9717	151239
9718	158299
9719	61758
9720	131010
9721	59336
9722	63866
9723	85798
9724	64750
9725	16826
9726	84334
9727	17447
9728	30771
9729	29173
9730	50490
9731	46716
9732	93864
9733	9082
9734	28473
9735	320044
9736	386643
9737	279927
9738	306196
9739	168799
9740	203435
9741	231594
9742	278737
9743	259585
9744	51871
9745	72200
9746	196097
9747	69046
9748	17282
9749	173276
9750	81047
9751	182262
9752	139576
9753	30742
9754	154790
9755	184209
9756	211359
9757	180658
9758	158673
9759	147071
9760	224425
9761	17311
9763	13299
9764	21882
9765	112057
9766	17416
9767	103811
9768	13406
9769	108415
9770	117840
9771	137470
9772	141526
9773	103222
9774	26324
9775	212363
9776	28399
9777	110763
9778	124301
9779	69281
9780	222107
9781	112693
9782	125358
9783	52247
9784	97096
9785	147258
9786	177962
9787	198881
9788	95941
9789	155354
9790	21359
9791	158611
9792	57926
9793	100374
9794	31744
9795	151252
9796	64828
9797	131466
9798	69511
9799	126064
9800	68257
9801	145580
9802	81039
9803	110291
9804	35438
9805	75889
9806	16490
9807	38639
9808	91090
9810	73293
9811	7329
9812	134544
9813	165811
9814	42723
9815	82330
9816	66245
9818	186641
9819	144091
9820	42195
9821	146651
9822	30255
9823	41285
9824	22551
9825	155901
9826	40552
9827	25057
9828	18160
9829	35493
9830	59149
9831	26172
9832	88153
9833	146151
9834	78179
9835	103547
9836	161011
9837	120878
9838	84803
9839	63240
9840	112729
9841	134482
9842	73379
9843	168109
9844	78840
9845	97890
9846	95008
9847	131737
9848	151962
9849	124609
9850	123163
9851	116440
9852	127919
9853	111197
9854	131926
9855	42945
9856	62554
9857	128105
9858	170745
9859	236646
9860	61489
9861	223430
9862	88529
9863	87139
9864	109946
9865	113381
9866	218191
9867	40382
9868	205894
9869	9132
9870	95660
9871	69722
9872	113029
9873	182464
9874	86604
9875	119533
9876	149188
9877	92856
9878	119915
9879	159207
9880	113594
9881	101221
9882	100052
9883	178858
9884	139568
9885	87810
9886	202754
9887	64217
9888	135415
9889	66037
9890	111169
9891	69692
9892	69698
9893	61842
9894	23826
9895	18188
9896	63236
9897	60114
9898	108648
9899	197313
9900	226857
9901	51108
9902	59205
9903	95562
9904	175003
9905	186691
9906	49191
9907	203623
9908	56992
9909	12204
9910	61039
9911	183648
9912	35922
9913	50740
9914	26558
9915	208511
9916	26418
9917	203734
9918	232415
9919	47324
9920	48808
9921	38453
9922	30067
9923	257937
9924	26208
9925	92936
9926	52935
9927	293125
9928	81512
9929	67208
9930	237307
9931	85121
9932	50505
9933	214525
9934	70494
9935	71537
9936	157640
9937	90442
9938	64368
9939	19794
9940	153147
9941	13929
9942	41017
9943	21824
9944	85451
9945	60638
9946	148139
9947	295077
9948	93964
9949	213855
9950	138561
9951	73765
9952	183035
9953	23183
9954	87991
9955	46211
9956	109365
9957	76695
9958	228542
9959	118371
9960	61868
9961	131202
9962	112602
9963	40548
9964	102572
9965	70953
9966	176634
9967	103562
9968	50449
9969	141534
9970	111375
9971	118176
9972	57138
9973	81907
9974	55426
9975	163668
9976	105539
9977	194250
9978	65139
9979	58279
9980	96332
9981	114864
9982	61315
9983	62910
9984	191378
9985	194131
9986	165789
9987	145576
9988	119723
9989	87243
9990	254372
9991	205100
9992	7471
9993	23627
9994	97432
9995	118483
9996	47219
9997	148411
9998	73473
9999	186923
10000	59421
10001	27311
10002	87769
10003	185261
10004	71697
10005	160730
10006	86702
10007	51024
10008	164042
10009	242375
10010	66467
10011	114756
10012	103570
10013	80478
10014	118231
10015	119840
10016	237249
10017	203533
10018	122313
10019	62546
10020	83164
10021	144083
10022	83387
10023	144771
10024	115458
10025	141122
10026	138105
10027	122725
10028	247870
10029	291826
10030	79521
10031	74890
10032	46688
10033	159818
10034	58415
10035	84145
10036	106010
10037	104112
10038	163389
10039	166424
10040	56805
10041	151379
10042	127943
10043	52305
10044	12579
10045	105261
10046	56409
10047	13394
10048	6844
10049	29531
10050	35337
10051	9995
10052	24346
10053	45740
10054	255672
10055	218495
10056	174821
10057	202380
10058	79169
10059	147008
10060	118002
10061	128394
10062	112836
10063	120363
10064	232462
10065	144498
10066	161391
10067	218046
10068	167308
10069	209148
10070	192598
10071	69255
10072	102401
10073	48861
10074	29319
10075	34786
10076	51077
10077	36871
10078	267971
10079	78492
10080	20628
10081	19009
10082	28043
10083	41982
10084	364745
10085	17226
10086	10697
10087	103706
10088	25565
10089	35317
10091	32311
10092	28882
10093	27725
10094	22043
10095	23922
10096	50011
10097	105280
10098	73010
10099	35555
10100	58846
10101	40236
10102	26874
10103	12670
10104	21168
10105	199399
10106	23913
10107	32916
10108	25369
10109	35267
10110	35565
10111	39584
10112	87188
10113	104136
10114	204933
10115	263301
10116	130350
10117	126641
10118	123330
10120	114922
10122	111445
10123	74211
10124	33659
10125	23092
10126	46016
10127	49992
10128	29451
10131	43116
10132	216031
10133	196990
10134	20404
10135	41163
10136	19442
10137	34618
10138	8968
10139	20691
10140	39282
10141	75070
10142	97152
10143	96034
10144	170047
10146	74012
10147	75224
10150	45167
10151	51910
10152	56495
10153	34546
10154	9976
10155	34655
10156	34838
10157	32391
10158	16515
10159	67264
10160	32240
10161	24498
10162	18788
10163	18968
10164	19408
10165	16887
10166	14151
10167	23826
10168	17385
10169	19387
10170	15951
10171	13408
10172	12191
10173	15730
10174	25360
10175	32109
10176	13101
10177	6178
10178	20904
10179	18443
10180	15787
10181	15918
10182	17268
10183	17855
10184	17679
10185	19446
10186	42504
10187	24090
10188	31710
10189	10378
10190	65060
10191	29882
10192	33317
10193	32933
10194	12926
10195	23707
10196	40471
10197	36090
10198	9725
10199	14171
10200	31185
10201	8348
10202	41187
10203	88811
10204	18759
10205	20367
10206	15212
10207	68498
10208	357009
10209	239348
10210	13065
10211	28311
10212	44635
10213	18076
10214	84169
10215	93897
10216	41865
10217	24771
10218	33386
10219	76596
10220	61787
10221	47518
10222	14218
10223	69483
10224	54617
10225	49444
10226	49292
10227	48743
10228	157763
10229	42783
10230	96712
10231	72251
10232	29089
10233	128554
10234	64044
10235	24652
10236	124335
10237	49097
10238	15757
10239	55260
10240	55687
10241	39362
10242	18600
10243	43769
10244	10863
10245	38545
10246	24339
10247	10439
10248	18430
10249	63838
10250	32921
10251	6647
10252	45493
10253	9118
10254	75294
10255	31078
10256	63091
10257	45033
10258	15415
10259	38356
10260	29441
10261	31911
10262	75935
10263	91953
10264	9677
10265	46683
10266	11242
10267	37281
10268	76987
10269	35168
10270	13323
10271	10365
10272	70080
10273	31388
10274	9327
10275	58388
10276	66508
10277	83848
10278	68189
10279	26852
10280	29374
10281	49266
10282	37531
10283	70183
10284	21362
10285	55286
10286	84332
10287	101391
10288	57528
10289	47529
10290	90975
10291	48345
10292	44456
10293	55491
10294	30554
10295	203234
10296	192700
10297	37859
10298	85316
10299	136168
10300	47528
10301	22946
10302	71671
10303	50982
10304	59378
10305	97328
10306	114479
10307	131963
10308	121759
10309	142049
10310	93885
10311	181700
10312	372218
10313	122142
10314	92961
10315	18424
10316	16223
10317	186084
10318	131015
10319	145709
10320	158530
10321	732
10322	54856
10323	62310
10324	62696
10325	69360
10326	106061
10327	69961
10328	89900
10329	88038
10330	47181
10331	48825
10332	67887
10333	73666
10334	73648
10335	61913
10336	105948
10337	88662
10338	95190
10339	75860
10340	75412
10341	92569
10342	93836
10343	96171
10344	74505
10345	76377
10346	76030
10347	110612
10348	148607
10349	116685
10350	134519
10351	13024
10352	150119
10353	151927
10354	133298
10355	111128
10356	146231
10357	144382
10358	196157
10359	148387
10360	114115
10361	118957
10362	152626
10363	83037
10364	152069
10365	140101
10366	176286
10367	184124
10368	148037
10369	58850
10370	167427
10371	254232
10372	140096
10373	158233
10374	137118
10375	155640
10376	77125
10377	50257
10378	102240
10379	65224
10380	98680
10381	170448
10382	114131
10383	91034
10384	140628
10385	177036
10386	89497
10387	108238
10388	84980
10389	65569
10390	76757
10391	72217
10392	73702
10393	61015
10394	88062
10395	124972
10396	80132
10397	58732
10398	62089
10399	65776
10400	87862
10401	48887
10402	78963
10403	31219
10404	29691
10405	9476
10406	194774
10407	34270
10408	65895
10409	59976
10410	49466
10411	32672
10412	35027
10413	48060
10414	40692
10415	49526
10416	70372
10417	92839
10418	62727
10419	117985
10420	28965
10421	79794
10422	55579
10423	40031
10424	105611
10425	31215
10426	70654
10427	208708
10428	251774
10429	16391
10430	98978
10431	156736
10432	151263
10433	56911
10434	91537
10435	258150
10436	246713
10437	204523
10439	149011
10440	86849
10441	69821
10442	113718
10443	31078
10444	130094
10445	27699
10446	57482
10447	83777
10448	113187
10449	107903
10450	16389
10451	161941
10452	181378
10453	86819
10454	108911
10455	161025
10456	109932
10457	150231
10458	113492
10459	154053
10460	62921
10461	154292
10462	104105
10463	91738
10464	130626
10465	80923
10466	10490
10467	99417
10468	11666
10469	4744
10470	72001
10471	58789
10472	9229
10473	4301
10474	162788
10475	25723
10476	97683
10477	63987
10478	83959
10479	30224
10480	11827
10481	19468
10482	87709
10483	86277
10484	87562
10485	31183
10486	23836
10487	130424
10488	29399
10489	16233
10490	7400
10491	95941
10492	21958
10493	19646
10494	74482
10495	30132
10496	95298
10497	45060
10498	93721
10499	13603
10500	93236
10501	12732
10502	26174
10503	103193
10504	13042
10505	21990
10506	6240
10507	81760
10508	11795
10509	9623
10510	94904
10511	46304
10512	128762
10513	11852
10514	10298
10515	8760
10516	82225
10517	11062
10518	4590
10519	12196
10520	80121
10521	17672
10522	12417
10523	19371
10524	31360
10525	107393
10526	8256
10527	57332
10528	10120
10529	28550
10530	13396
10531	81002
10532	28339
10533	12589
10534	10332
10535	106901
10536	25302
10537	67334
10538	71484
10539	23699
10540	108248
10541	20024
10542	69955
10543	44356
10544	70698
10545	67794
10546	19932
10547	69177
10548	20288
10549	22414
10550	153941
10551	15983
10552	79736
10553	4986
10554	83537
10555	12092
10556	18871
10557	59383
10558	11590
10559	2960
10560	12963
10561	6279
10562	11284
10563	8373
10564	3872
10565	3468
10566	5929
10567	1925
10568	8426
10569	31770
10570	22437
10571	7004
10572	15549
10573	2237
10574	9396
10575	7852
10576	69033
10577	15695
10578	9127
10579	5582
10580	9510
10581	66418
10582	19592
10583	41801
10584	55658
10585	7431
10586	76333
10587	7322
10588	7014
10589	83946
10590	12199
10591	14708
10592	11924
10593	8604
10594	54589
10595	10459
10596	79328
10597	24927
10598	5718
10599	85028
10600	26145
10601	11164
10602	63656
10603	26500
10604	15772
10605	17212
10606	15480
10607	59098
10608	79630
10609	70921
10610	15895
10611	20483
10612	57656
10613	32850
10614	7068
10615	77258
10616	122317
10617	57364
10618	60254
10619	84075
10620	120380
10621	82494
10622	30129
10623	59136
10624	73361
10625	21916
10626	41067
10627	48506
10628	25952
10629	56377
10630	35773
10631	13218
10632	52007
10633	71517
10634	90705
10635	59489
10636	32300
10637	67385
10638	77797
10639	62010
10640	68089
10641	55479
10642	107600
10643	41476
10644	24493
10645	76371
10646	31907
10647	96469
10648	12464
10649	44634
10650	68097
10651	82202
10652	146019
10653	14011
10654	135645
10655	98035
10656	58316
10657	93791
10658	60274
10659	43286
10660	79919
10661	79441
10662	251
10663	68419
10664	30422
10665	70037
10666	120478
10667	27559
10668	50022
10669	19510
10670	62294
10671	62715
10672	57226
10673	8673
10674	80071
10675	111962
10676	69077
10677	51497
10678	59614
10679	70765
10680	14152
10681	79964
10682	12574
10683	59029
10684	43997
10685	41816
10686	68867
10687	50232
10688	101846
10689	32146
10690	55405
10691	39233
10693	109701
10694	10455
10695	35318
10696	13219
10697	3411
10698	4671
10699	12800
10700	1976
10701	10411
10702	13516
10703	3394
10704	1025
10705	659
10706	155
10707	47155
10708	48125
10709	55982
10710	57839
10711	105902
10712	176397
10713	137425
10714	93138
10715	77335
10716	46386
10717	44236
10718	59236
10719	69202
10720	71734
10721	47139
10722	36435
10723	31945
10724	53176
10725	62364
10726	68704
10727	73825
10728	68154
10729	68877
10730	63095
10731	61744
10732	46220
10733	42226
10734	31629
10735	39631
10736	28839
10737	23350
10738	22205
10739	26874
10740	24604
10741	35241
10742	40609
10744	40605
10745	37830
10746	37077
10747	35341
10748	32658
10749	30036
10750	26083
10751	23894
10752	23514
10753	21344
10754	25646
10755	24368
10756	25199
10757	32681
10758	25338
10759	28653
10760	23553
10761	20072
10762	26328
10763	26487
10764	26265
10765	24331
10766	21218
10767	30256
10768	24486
10769	24435
10770	27564
10771	31280
10772	30327
10773	25008
10774	37943
10775	30809
10776	29570
10777	29693
10778	27231
10779	30946
10780	32565
10781	29170
10782	35588
10783	36139
10784	37570
10785	34869
10786	35452
10787	28034
10788	29417
10789	32265
10790	34676
10791	38863
10792	43415
10793	32031
10794	34333
10795	33880
10796	28013
10797	32051
10798	28884
10799	28416
10800	28464
10801	30535
10802	31953
10803	29137
10804	30050
10805	30291
10806	22305
10807	21966
10808	23874
10809	33688
10810	18595
10811	13361
10812	17689
10813	18050
10814	24589
10815	19160
10816	17623
10817	32085
10818	38161
10819	45222
10820	67713
10821	69143
10822	81754
10823	63709
10824	49673
10825	56469
10826	43232
10827	58567
10828	75896
10829	67340
10830	86795
10831	90510
10832	63279
10833	72526
10834	76263
10835	40874
10836	39321
10837	53710
10838	46373
10839	44100
10840	42638
10841	51377
10843	56039
10844	44978
10845	99028
10846	120933
10847	125802
10848	90201
10849	109743
10850	99780
10851	113295
10852	96573
10853	85581
10854	79701
10855	95195
10856	76794
10857	82586
10858	71153
10859	64982
10860	78080
10861	119861
10862	93260
10863	97545
10864	70406
10865	102667
10866	76491
10867	107543
10868	90332
10869	76730
10870	114082
10871	73596
10872	90625
10873	87433
10874	88650
10875	90684
10876	68347
10877	99311
10878	93146
10879	93415
10880	83840
10881	83708
10882	96341
10883	90868
10884	95972
10885	77917
10886	107653
10887	85681
10888	102783
10889	110144
10890	117863
10891	117490
10892	102805
10893	100451
10894	87772
10895	84395
10896	63833
10897	55006
10898	40649
10899	36741
10900	69017
10901	61755
10902	82590
10903	121252
10904	129028
10905	107635
10906	64426
10907	59613
10908	96381
10909	25164
10910	32893
10911	23139
10912	20736
10913	55391
10914	23511
10915	25946
10916	121633
10917	12503
10918	13678
10919	9450
10920	12015
10921	15270
10922	7591
10923	10914
10924	9665
10925	132193
10926	10473
10927	8133
10928	92722
10929	10762
10930	13461
10931	14540
10932	8496
10933	71600
10934	12004
10935	11494
10936	156153
10937	18291
10938	13194
10939	11874
10940	91224
10941	177633
10942	176243
10943	18813
10944	11956
10945	236407
10946	15372
10947	115233
10948	156729
10949	17719
10950	148980
10951	146656
10952	206032
10953	160931
10954	229366
10955	164896
10956	166358
10957	77525
10958	94922
10959	161827
10960	207825
10961	22979
10962	258948
10963	101486
10964	217196
10965	255389
10966	402220
10967	178779
10968	203078
10969	93171
10970	239747
10971	150333
10972	142121
10973	211882
10974	99662
10975	55764
10976	99293
10977	57416
10978	77522
10979	14620
10980	120566
10981	163051
10982	145526
10983	116643
10984	218530
10985	173007
10986	266327
10987	52416
10988	69210
10989	87905
10990	84938
10991	80211
10992	29892
10993	50337
10994	77171
10995	74067
10996	40730
10997	123711
10998	64628
10999	33191
11000	34381
11001	40204
11002	47243
11003	51981
11004	75148
11005	142765
11006	103265
11007	92131
11009	114872
11010	113918
11011	98180
11012	87434
11014	233948
11015	175464
11016	176861
11017	209889
11018	116608
11019	94469
11020	63460
11021	119343
11022	89055
11023	85497
11024	147625
10098A	32042
10119A	113705
10119B	131539
10119C	123972
10121A	119980
10121B	133592
10129A	49895
10129B	84917
10130A	115444
10130B	116162
11008A	104170
11008B	100248
11013A	70482
11013B	77708
1171A	147875
1171B	72856
1179B	139320
1402A	76564
1430A	122382
1457A	203467
1457B	160403
1457C	147584
1604A	78966
1604B	120120
1604C	117322
1615A	110520
1615B	29034
1615C	50334
2352A	81755
2352B	94669
2352C	87215
2352D	56740
2352E	48871
4084A	61774
4084B	41687
7872A	23939
7872B	31739
9013A	350233
9013B	309705
9014A	385093
9014B	342265
9015A	235279
9015B	231389
9015C	282040
9524I	85028
9524II	73339
9615A	46126
9626A	154515
9626B	200768